{
    "pre": {
        "DS": 48.98148148148148,
        "DG_onlyQ": 93.51851851851852,
        "DG_otherA": 95.74074074074073,
        "DG_otherQ": 95.0,
        "DG_otherAQ": 95.37037037037037,
        "fluency": 6.449755897239024
    },
    "post": {
        "DS": 89.81481481481481,
        "DG_onlyQ": 98.51851851851852,
        "DG_otherA": 99.07407407407408,
        "DG_otherQ": 97.77777777777777,
        "DG_otherAQ": 97.96296296296296,
        "fluency": 5.222891733216546
    }
}