{
    "pre": {
        "DS": 44.18518518518518,
        "DG_onlyQ": 56.81481481481481,
        "DG_otherA": 27.259259259259267,
        "DG_otherQ": 46.666666666666664,
        "DG_otherAQ": 28.185185185185176,
        "fluency": 6.038580664096609
    },
    "post": {
        "DS": 100.0,
        "DG_onlyQ": 99.85185185185185,
        "DG_otherA": 99.77777777777777,
        "DG_otherQ": 99.92592592592592,
        "DG_otherAQ": 99.62962962962963,
        "fluency": 4.339790016079376
    }
}